-- ----------------------------
-- 1、部门表
-- ----------------------------
drop table if exists sys_dept;
create table sys_dept (
  dept_id           bigint(20)      not null auto_increment    comment '部门id',
  parent_id         bigint(20)      default 0                  comment '父部门id',
  ancestors         varchar(50)     default ''                 comment '祖级列表',
  dept_name         varchar(30)     default ''                 comment '部门名称',
  order_num         int(4)          default 0                  comment '显示顺序',
  leader            varchar(20)     default null               comment '负责人',
  phone             varchar(11)     default null               comment '联系电话',
  email             varchar(50)     default null               comment '邮箱',
  status            char(1)         default '0'                comment '部门状态（0正常 1停用）',
  del_flag          char(1)         default '0'                comment '删除标志（0代表存在 2代表删除）',
  create_by         varchar(64)     default ''                 comment '创建者',
  create_time 	    datetime                                   comment '创建时间',
  update_by         varchar(64)     default ''                 comment '更新者',
  update_time       datetime                                   comment '更新时间',
  primary key (dept_id)
) engine=innodb auto_increment=200 comment = '部门表';

-- ----------------------------
-- 初始化-部门表数据
-- ----------------------------
insert into sys_dept values(100,  0,   '0',          '剑在必得工作室',   0, 'admin', '18188888888', 'admin@qq.com', '0', '0', 'admin', sysdate(), '', null);
insert into sys_dept values(101,  100, '0,100',      '深圳总公司', 1, 'admin', '18188888888', 'admin@qq.com', '0', '0', 'admin', sysdate(), '', null);
insert into sys_dept values(102,  100, '0,100',      '长沙分公司', 2, 'admin', '18188888888', 'admin@qq.com', '0', '0', 'admin', sysdate(), '', null);
insert into sys_dept values(103,  101, '0,100,101',  '研发部门',   1, 'admin', '18188888888', 'admin@qq.com', '0', '0', 'admin', sysdate(), '', null);
insert into sys_dept values(104,  101, '0,100,101',  '市场部门',   2, 'admin', '18188888888', 'admin@qq.com', '0', '0', 'admin', sysdate(), '', null);
insert into sys_dept values(105,  101, '0,100,101',  '测试部门',   3, 'admin', '18188888888', 'admin@qq.com', '0', '0', 'admin', sysdate(), '', null);
insert into sys_dept values(106,  101, '0,100,101',  '财务部门',   4, 'admin', '18188888888', 'admin@qq.com', '0', '0', 'admin', sysdate(), '', null);
insert into sys_dept values(107,  101, '0,100,101',  '运维部门',   5, 'admin', '18188888888', 'admin@qq.com', '0', '0', 'admin', sysdate(), '', null);
insert into sys_dept values(108,  102, '0,100,102',  '市场部门',   1, 'admin', '18188888888', 'admin@qq.com', '0', '0', 'admin', sysdate(), '', null);
insert into sys_dept values(109,  102, '0,100,102',  '财务部门',   2, 'admin', '18188888888', 'admin@qq.com', '0', '0', 'admin', sysdate(), '', null);


-- ----------------------------
-- 2、用户信息表
-- ----------------------------
drop table if exists sys_user;
create table sys_user (
  user_id           bigint(20)      not null auto_increment    comment '用户ID',
  dept_id           bigint(20)      default null               comment '部门ID',
  user_name         varchar(30)     not null                   comment '用户账号',
  nick_name         varchar(30)     not null                   comment '用户昵称',
  user_type         varchar(2)      default '00'               comment '用户类型（00系统用户）',
  email             varchar(50)     default ''                 comment '用户邮箱',
  phonenumber       varchar(11)     default ''                 comment '手机号码',
  sex               char(1)         default '0'                comment '用户性别（0男 1女 2未知）',
  avatar            varchar(100)    default ''                 comment '头像地址',
  password          varchar(100)    default ''                 comment '密码',
  status            char(1)         default '0'                comment '帐号状态（0正常 1停用）',
  del_flag          char(1)         default '0'                comment '删除标志（0代表存在 2代表删除）',
  login_ip          varchar(128)    default ''                 comment '最后登录IP',
  login_date        datetime                                   comment '最后登录时间',
  create_by         varchar(64)     default ''                 comment '创建者',
  create_time       datetime                                   comment '创建时间',
  update_by         varchar(64)     default ''                 comment '更新者',
  update_time       datetime                                   comment '更新时间',
  remark            varchar(500)    default null               comment '备注',
  primary key (user_id)
) engine=innodb auto_increment=100 comment = '用户信息表';

-- ----------------------------
-- 初始化-用户信息表数据
-- ----------------------------
insert into sys_user values(1,  103, 'admin', '管理员', '00', 'admin@qq.com', '18188888888', '1', '', '$2a$10$7JB720yubVSZvUI0rEqK/.VqGOZTH.ulu33dHOiBE8ByOhJIrdAu2', '0', '0', '127.0.0.1', sysdate(), 'admin', sysdate(), '', null, '管理员');
insert into sys_user values(2,  105, 'jugg',  'jugg', '00', 'jugg@qq.com',  '18166666666', '1', '', '$2a$10$7JB720yubVSZvUI0rEqK/.VqGOZTH.ulu33dHOiBE8ByOhJIrdAu2', '0', '0', '127.0.0.1', sysdate(), 'admin', sysdate(), '', null, '普通用户');

-- ----------------------------
-- 3、角色信息表
-- ----------------------------
drop table if exists sys_role;
create table sys_role (
  role_id              bigint(20)      not null auto_increment    comment '角色ID',
  role_name            varchar(30)     not null                   comment '角色名称',
  role_key             varchar(100)    not null                   comment '角色权限字符串',
  role_sort            int(4)          not null                   comment '显示顺序',
  data_scope           char(1)         default '1'                comment '数据范围（1：全部数据权限 2：自定数据权限 3：本部门数据权限 4：本部门及以下数据权限）',
  menu_check_strictly  tinyint(1)      default 1                  comment '菜单树选择项是否关联显示',
  dept_check_strictly  tinyint(1)      default 1                  comment '部门树选择项是否关联显示',
  status               char(1)         not null                   comment '角色状态（0正常 1停用）',
  del_flag             char(1)         default '0'                comment '删除标志（0代表存在 2代表删除）',
  create_by            varchar(64)     default ''                 comment '创建者',
  create_time          datetime                                   comment '创建时间',
  update_by            varchar(64)     default ''                 comment '更新者',
  update_time          datetime                                   comment '更新时间',
  remark               varchar(500)    default null               comment '备注',
  primary key (role_id)
) engine=innodb auto_increment=100 comment = '角色信息表';

-- ----------------------------
-- 初始化-角色信息表数据
-- ----------------------------
insert into sys_role values('1', '管理员',  'admin',  1, 1, 1, 1, '0', '0', 'admin', sysdate(), '', null, '超级管理员');
insert into sys_role values('2', '普通用户', 'common', 2, 2, 1, 1, '0', '0', 'admin', sysdate(), '', null, '普通角色');


-- ----------------------------
-- 4、菜单权限表
-- ----------------------------
drop table if exists sys_menu;
create table sys_menu (
  menu_id           bigint(20)      not null auto_increment    comment '菜单ID',
  menu_name         varchar(50)     not null                   comment '菜单名称',
  parent_id         bigint(20)      default 0                  comment '父菜单ID',
  order_num         int(4)          default 0                  comment '显示顺序',
  path              varchar(200)    default ''                 comment '路由地址',
  component         varchar(255)    default null               comment '组件路径',
  query             varchar(255)    default null               comment '路由参数',
  is_frame          int(1)          default 1                  comment '是否为外链（0是 1否）',
  is_cache          int(1)          default 0                  comment '是否缓存（0缓存 1不缓存）',
  menu_type         char(1)         default ''                 comment '菜单类型（M目录 C菜单 F按钮）',
  visible           char(1)         default 0                  comment '菜单状态（0显示 1隐藏）',
  status            char(1)         default 0                  comment '菜单状态（0正常 1停用）',
  perms             varchar(100)    default null               comment '权限标识',
  icon              varchar(100)    default '#'                comment '菜单图标',
  create_by         varchar(64)     default ''                 comment '创建者',
  create_time       datetime                                   comment '创建时间',
  update_by         varchar(64)     default ''                 comment '更新者',
  update_time       datetime                                   comment '更新时间',
  remark            varchar(500)    default ''                 comment '备注',
  primary key (menu_id)
) engine=innodb auto_increment=2000 comment = '菜单权限表';

-- ----------------------------
-- 初始化-菜单信息表数据
-- ----------------------------
-- 一级菜单
insert into sys_menu values('1', '系统管理', '0', '2', 'system',           null, '', 1, 0, 'M', '0', '0', '', 'system',   'admin', sysdate(), '', null, '系统管理目录');
insert into sys_menu values('2', '系统监控', '0', '3', 'monitor',          null, '', 1, 0, 'M', '0', '0', '', 'monitor',  'admin', sysdate(), '', null, '系统监控目录');
insert into sys_menu values('3', '待办清单', '0', '1', 'todolist',          'system/todolist/index', '', 1, 0, 'C', '0', '0', '', 'tool',  'admin', sysdate(), '', null, '待办清单目录');
-- 二级菜单
insert into sys_menu values('100',  '用户管理', '1',   '1', 'user',       'system/user/index',        '', 1, 0, 'C', '0', '0', 'system:user:list',        'user',          'admin', sysdate(), '', null, '用户管理菜单');
insert into sys_menu values('101',  '角色管理', '1',   '2', 'role',       'system/role/index',        '', 1, 0, 'C', '0', '0', 'system:role:list',        'peoples',       'admin', sysdate(), '', null, '角色管理菜单');
insert into sys_menu values('102',  '菜单管理', '1',   '3', 'menu',       'system/menu/index',        '', 1, 0, 'C', '0', '0', 'system:menu:list',        'tree-table',    'admin', sysdate(), '', null, '菜单管理菜单');
insert into sys_menu values('103',  '部门管理', '1',   '4', 'dept',       'system/dept/index',        '', 1, 0, 'C', '0', '0', 'system:dept:list',        'tree',          'admin', sysdate(), '', null, '部门管理菜单');
insert into sys_menu values('109',  '在线用户', '2',   '1', 'online',     'monitor/online/index',     '', 1, 0, 'C', '0', '0', 'monitor:online:list',     'online',        'admin', sysdate(), '', null, '在线用户菜单');
-- 用户管理按钮
insert into sys_menu values('1001', '用户查询', '100', '1',  '', '', '', 1, 0, 'F', '0', '0', 'system:user:query',          '#', 'admin', sysdate(), '', null, '');
insert into sys_menu values('1002', '用户新增', '100', '2',  '', '', '', 1, 0, 'F', '0', '0', 'system:user:add',            '#', 'admin', sysdate(), '', null, '');
insert into sys_menu values('1003', '用户修改', '100', '3',  '', '', '', 1, 0, 'F', '0', '0', 'system:user:edit',           '#', 'admin', sysdate(), '', null, '');
insert into sys_menu values('1004', '用户删除', '100', '4',  '', '', '', 1, 0, 'F', '0', '0', 'system:user:remove',         '#', 'admin', sysdate(), '', null, '');
insert into sys_menu values('1005', '用户导出', '100', '5',  '', '', '', 1, 0, 'F', '0', '0', 'system:user:export',         '#', 'admin', sysdate(), '', null, '');
insert into sys_menu values('1006', '用户导入', '100', '6',  '', '', '', 1, 0, 'F', '0', '0', 'system:user:import',         '#', 'admin', sysdate(), '', null, '');
insert into sys_menu values('1007', '重置密码', '100', '7',  '', '', '', 1, 0, 'F', '0', '0', 'system:user:resetPwd',       '#', 'admin', sysdate(), '', null, '');
-- 角色管理按钮
insert into sys_menu values('1008', '角色查询', '101', '1',  '', '', '', 1, 0, 'F', '0', '0', 'system:role:query',          '#', 'admin', sysdate(), '', null, '');
insert into sys_menu values('1009', '角色新增', '101', '2',  '', '', '', 1, 0, 'F', '0', '0', 'system:role:add',            '#', 'admin', sysdate(), '', null, '');
insert into sys_menu values('1010', '角色修改', '101', '3',  '', '', '', 1, 0, 'F', '0', '0', 'system:role:edit',           '#', 'admin', sysdate(), '', null, '');
insert into sys_menu values('1011', '角色删除', '101', '4',  '', '', '', 1, 0, 'F', '0', '0', 'system:role:remove',         '#', 'admin', sysdate(), '', null, '');
insert into sys_menu values('1012', '角色导出', '101', '5',  '', '', '', 1, 0, 'F', '0', '0', 'system:role:export',         '#', 'admin', sysdate(), '', null, '');
-- 菜单管理按钮
insert into sys_menu values('1013', '菜单查询', '102', '1',  '', '', '', 1, 0, 'F', '0', '0', 'system:menu:query',          '#', 'admin', sysdate(), '', null, '');
insert into sys_menu values('1014', '菜单新增', '102', '2',  '', '', '', 1, 0, 'F', '0', '0', 'system:menu:add',            '#', 'admin', sysdate(), '', null, '');
insert into sys_menu values('1015', '菜单修改', '102', '3',  '', '', '', 1, 0, 'F', '0', '0', 'system:menu:edit',           '#', 'admin', sysdate(), '', null, '');
insert into sys_menu values('1016', '菜单删除', '102', '4',  '', '', '', 1, 0, 'F', '0', '0', 'system:menu:remove',         '#', 'admin', sysdate(), '', null, '');
-- 部门管理按钮
insert into sys_menu values('1017', '部门查询', '103', '1',  '', '', '', 1, 0, 'F', '0', '0', 'system:dept:query',          '#', 'admin', sysdate(), '', null, '');
insert into sys_menu values('1018', '部门新增', '103', '2',  '', '', '', 1, 0, 'F', '0', '0', 'system:dept:add',            '#', 'admin', sysdate(), '', null, '');
insert into sys_menu values('1019', '部门修改', '103', '3',  '', '', '', 1, 0, 'F', '0', '0', 'system:dept:edit',           '#', 'admin', sysdate(), '', null, '');
insert into sys_menu values('1020', '部门删除', '103', '4',  '', '', '', 1, 0, 'F', '0', '0', 'system:dept:remove',         '#', 'admin', sysdate(), '', null, '');
-- 待办清单按钮
insert into sys_menu values('1021', '待办清单查询', '3', '1',  '#', '', '', 1, 0, 'F', '0', '0', 'system:todolist:query',        '#', 'admin', sysdate(), '', null, '');
insert into sys_menu values('1022', '待办清单新增', '3', '2',  '#', '', '', 1, 0, 'F', '0', '0', 'system:todolist:add',          '#', 'admin', sysdate(), '', null, '');
insert into sys_menu values('1023', '待办清单修改', '3', '3',  '#', '', '', 1, 0, 'F', '0', '0', 'system:todolist:edit',         '#', 'admin', sysdate(), '', null, '');
insert into sys_menu values('1024', '待办清单删除', '3', '4',  '#', '', '', 1, 0, 'F', '0', '0', 'system:todolist:remove',       '#', 'admin', sysdate(), '', null, '');
insert into sys_menu values('1025', '待办清单列表', '3', '5',  '#', '', '', 1, 0, 'F', '0', '0', 'system:todolist:list',        '#', 'admin', sysdate(), '', null, '');


-- ----------------------------
-- 5、用户和角色关联表  用户N-1角色
-- ----------------------------
drop table if exists sys_user_role;
create table sys_user_role (
  user_id   bigint(20) not null comment '用户ID',
  role_id   bigint(20) not null comment '角色ID',
  primary key(user_id, role_id)
) engine=innodb comment = '用户和角色关联表';

-- ----------------------------
-- 初始化-用户和角色关联表数据
-- ----------------------------
insert into sys_user_role values ('1', '1');
insert into sys_user_role values ('2', '2');


-- ----------------------------
-- 6、角色和菜单关联表  角色1-N菜单
-- ----------------------------
drop table if exists sys_role_menu;
create table sys_role_menu (
  role_id   bigint(20) not null comment '角色ID',
  menu_id   bigint(20) not null comment '菜单ID',
  primary key(role_id, menu_id)
) engine=innodb comment = '角色和菜单关联表';

-- ----------------------------
-- 初始化-角色和菜单关联表数据
-- ----------------------------
insert into sys_role_menu values ('2', '1');
insert into sys_role_menu values ('2', '2');
insert into sys_role_menu values ('2', '100');
insert into sys_role_menu values ('2', '101');
insert into sys_role_menu values ('2', '102');
insert into sys_role_menu values ('2', '103');
insert into sys_role_menu values ('2', '109');
insert into sys_role_menu values ('2', '1001');
insert into sys_role_menu values ('2', '1002');
insert into sys_role_menu values ('2', '1003');
insert into sys_role_menu values ('2', '1004');
insert into sys_role_menu values ('2', '1005');
insert into sys_role_menu values ('2', '1006');
insert into sys_role_menu values ('2', '1007');
insert into sys_role_menu values ('2', '1008');
insert into sys_role_menu values ('2', '1009');
insert into sys_role_menu values ('2', '1010');
insert into sys_role_menu values ('2', '1011');
insert into sys_role_menu values ('2', '1012');
insert into sys_role_menu values ('2', '1013');
insert into sys_role_menu values ('2', '1014');
insert into sys_role_menu values ('2', '1015');
insert into sys_role_menu values ('2', '1016');
insert into sys_role_menu values ('2', '1017');
insert into sys_role_menu values ('2', '1018');
insert into sys_role_menu values ('2', '1019');
insert into sys_role_menu values ('2', '1020');
insert into sys_role_menu values ('2', '1021');
insert into sys_role_menu values ('2', '1022');
insert into sys_role_menu values ('2', '1023');
insert into sys_role_menu values ('2', '1024');

-- ----------------------------
-- 7、角色和部门关联表  角色1-N部门
-- ----------------------------
drop table if exists sys_role_dept;
create table sys_role_dept (
  role_id   bigint(20) not null comment '角色ID',
  dept_id   bigint(20) not null comment '部门ID',
  primary key(role_id, dept_id)
) engine=innodb comment = '角色和部门关联表';

-- ----------------------------
-- 初始化-角色和部门关联表数据
-- ----------------------------
insert into sys_role_dept values ('2', '100');
insert into sys_role_dept values ('2', '101');
insert into sys_role_dept values ('2', '105');

-- ----------------------------
-- 20、待办清单表
-- ----------------------------
drop table if exists todo_list;
create table todo_list (
                           todo_id         bigint(20)      not null auto_increment    comment '待办ID',
                           user_id         bigint(20)      not null                   comment '用户ID',
                           todo_title      varchar(50)     not null                   comment '待办标题',
                           todo_content    longblob        default null               comment '待办内容',
                           create_by         varchar(64)     default ''                 comment '创建者',
                           create_time       datetime                                   comment '创建时间',
                           update_by         varchar(64)     default ''                 comment '更新者',
                           update_time       datetime                                   comment '更新时间',
                           remark            varchar(255)    default null               comment '备注',
                           del_flag          char(1)         default '0'                comment '删除标志（0代表存在 2代表删除）',
                           primary key (todo_id)
) engine=innodb auto_increment=1 comment = '待办清单表';

-- ----------------------------
-- 21、在线用户数量统计
-- ----------------------------
drop table if exists statis_online;
create table statis_online (
                               id                bigint(20)          not null auto_increment    comment 'id',
                               online_num        varchar(50)                                    comment '在线人数',
                               statis_date       varchar(10)                                    comment '统计日期yyyyMMdd',
                               create_time       datetime                                       comment '创建时间',
                               primary key (id)
) engine=innodb auto_increment=1 comment = '在线用户数量统计表';